0,0,,,0
0,0,,,0
0,0,,,0
0,0,,,0
1,0,,,0
1,0,,,0
1,0,,,0
2,0,,,0
2,0,,,0
2,0,,,0
2,0,,,0
3,0,,,0
3,0,,,0
3,0,,,0
3,0,,,0
4,0,,,0
4,0,,,0
4,0,,,0
5,0,,,0
5,0,,,0
5,0,,,0
5,0,,,0
6,0,,,0
6,0,,,0
6,0,,,0
7,0,,,0
7,0,,,0
8,0,,,0
8,0,,,0
9,0,,,0
9,0,,,0
10,0,,,0
10,0,,,0
11,0,,,0
11,0,,,0
12,0,,,0
13,0,,,0
13,0,,,0
14,0,,,0
14,0,,,0
15,0,,,0
16,0,,,0
16,0,,,0
17,0,,,0
17,0,,,0
18,0,,,0
18,0,,,0
19,0,,,34
20,0,,,44
20,0,,,50
21,0,,,51
21,0,,,49
22,0,,,49
23,0,,,52
23,0,,,47
24,0,,,48
24,0,,,39
25,0,,,34
25,0,,,26
26,0,,,26
27,0,,,41
27,0,,,52
28,0,,,62
28,0,,,72
29,0,,,76
29,0,,,65
30,0,,,63
31,0,,,63
31,0,,,70
32,0,,,71
32,0,,,82
33,0,,,87
34,0,,,82
34,0,,,91
35,0,,,101
35,0,,,92
36,0,,,99
36,0,,,101
37,0,,,94
38,0,,,98
38,0,,,95
39,0,,,98
39,0,,,96
40,0,,,100
41,0,,,96
41,0,,,97
43,0,,,95
43,0,,,96
44,0,,,95
44,0,,,100
45,0,,,100
46,0,,,97
46,0,,,96
47,0,,,96
47,0,,,95
48,0,,,99
49,0,,,99
49,0,,,99
50,0,,,97
50,0,,,98
51,0,,,96
51,0,,,98
52,0,,,98
53,0,,,96
53,0,,,98
54,0,,,100
54,0,,,97
55,0,,,97
55,0,,,99
56,0,,,99
57,0,,,98
57,0,,,98
58,0,,,97
58,0,,,98
59,0,,,98
60,0,,,99
60,0,,,98
61,0,,,99
61,0,,,99
62,0,,,101
62,0,,,99
63,0,,,98
64,0,,,98
64,0,,,98
65,0,,,99
65,0,,,99
66,0,,,99
67,0,,,98
67,0,,,96
68,0,,,98
68,0,,,100
69,0,,,99
69,0,,,99
70,0,,,98
71,0,,,98
71,0,,,98
72,0,,,97
72,0,,,98
73,0,,,98
73,0,,,98
74,0,,,98
75,0,,,98
75,0,,,98
76,0,,,98
76,0,,,98
77,0,,,98
78,0,,,97
78,0,,,97
79,0,,,98
79,0,,,98
80,0,,,98
80,0,,,98
81,0,,,99
82,0,,,98
82,0,,,98
83,0,,,97
83,0,,,98
84,0,,,98
86,0,,,98
86,0,,,99
87,0,,,98
87,0,,,98
88,0,,,99
88,0,,,99
89,0,,,98
90,0,,,98
90,0,,,99
91,0,,,99
91,0,,,98
92,0,,,98
92,0,,,99
93,0,,,98
94,0,,,99
94,0,,,98
95,0,,,98
95,0,,,99
96,0,,,98
97,0,,,99
97,0,,,98
98,0,,,99
98,0,,,99
99,0,,,99
99,0,,,99
100,0,,,99
101,0,,,99
101,0,,,99
102,0,,,98
103,0,,,98
103,0,,,98
104,0,,,99
105,0,,,98
105,0,,,99
106,0,,,100
107,0,,,99
107,0,,,97
108,0,,,99
109,0,,,98
109,0,,,99
110,0,,,99
111,0,,,99
111,0,,,98
112,0,,,98
113,0,,,98
113,0,,,98
114,0,,,99
115,0,,,98
115,0,,,98
116,0,,,98
117,0,,,98
117,0,,,97
118,0,,,98
119,0,,,97
119,0,,,98
120,0,,,98
121,0,,,97
121,0,,,98
122,0,,,98
123,0,,,97
123,0,,,97
124,0,,,98
125,0,,,98
125,0,,,98
126,0,,,98
128,0,,,98
128,0,,,98
129,0,,,98
130,0,,,98
130,0,,,99
131,0,,,99
132,0,,,99
132,0,,,100
133,0,,,98
134,0,,,98
134,0,,,98
135,0,,,99
136,0,,,99
136,0,,,99
137,0,,,99
138,0,,,99
138,0,,,98
139,0,,,98
140,0,,,99
140,0,,,99
141,0,,,99
142,0,,,98
142,0,,,99
143,0,,,98
144,0,,,99
144,0,,,98
145,0,,,98
146,0,,,99
146,0,,,98
147,0,,,98
148,0,,,99
148,0,,,98
149,0,,,99
150,0,,,97
150,0,,,97
151,0,,,99
152,0,,,98
152,0,,,98
153,0,,,98
154,0,,,98
154,0,,,97
155,0,,,98
156,0,,,99
156,0,,,98
157,0,,,98
157,0,,,98
158,0,,,97
159,0,,,99
159,0,,,98
160,0,,,97
161,0,,,98
161,0,,,98
162,0,,,98
163,0,,,98
163,0,,,97
164,0,,,99
165,0,,,98
165,0,,,99
166,0,,,98
167,0,,,98
167,0,,,99
168,0,,,99
169,0,,,98
169,0,,,100
171,0,,,100
172,0,,,99
172,0,,,98
173,0,,,98
174,0,,,98
174,0,,,99
175,0,,,97
176,0,,,99
176,0,,,98
177,0,,,97
178,0,,,100
178,0,,,97
179,0,,,98
180,0,,,98
180,0,,,97
181,0,,,98
182,0,,,99
182,0,,,99
183,0,,,98
184,0,,,99
184,0,,,99
185,0,,,99
186,0,,,97
186,0,,,101
187,0,,,98
188,0,,,97
188,0,,,98
189,0,,,99
190,0,,,98
190,0,,,98
191,0,,,98
192,0,,,98
192,0,,,97
193,0,,,99
194,0,,,97
194,0,,,98
195,0,,,98
196,0,,,97
196,0,,,98
197,0,,,99
198,0,,,97
198,0,,,99
199,0,,,98
200,0,,,99
200,0,,,98
201,0,,,97
202,0,,,98
202,0,,,98
203,0,,,99
204,0,,,99
204,0,,,99
205,0,,,98
206,0,,,98
206,0,,,99
207,0,,,99
208,0,,,98
208,0,,,102
209,0,,,100
210,0,,,99
210,0,,,99
211,0,,,99
212,0,,,99
212,0,,,98
214,0,,,99
215,0,,,101
215,0,,,99
216,0,,,100
217,0,,,99
217,0,,,98
218,0,,,101
219,0,,,99
219,0,,,98
220,0,,,99
221,0,,,99
221,0,,,98
222,0,,,98
223,0,,,99
223,0,,,98
224,0,,,99
225,0,,,97
225,0,,,97
226,0,,,97
227,0,,,97
227,0,,,100
228,0,,,99
229,0,,,98
229,0,,,97
230,0,,,100
231,0,,,96
231,0,,,98
232,0,,,97
233,0,,,98
233,0,,,96
234,0,,,99
235,0,,,98
235,0,,,101
236,0,,,99
237,0,,,99
237,0,,,97
238,0,,,98
239,0,,,98
239,0,,,97
240,0,,,103
241,0,,,98
241,0,,,96
242,0,,,97
243,0,,,98
243,0,,,97
244,0,,,98
244,0,,,98
245,0,,,102
246,0,,,98
246,0,,,99
247,0,,,96
248,0,,,98
248,0,,,96
249,0,,,97
250,0,,,97
250,0,,,97
251,0,,,99
252,0,,,98
252,0,,,100
253,0,,,99
254,0,,,98
254,0,,,100
256,0,,,98
257,0,,,101
257,0,,,99
258,0,,,97
259,0,,,102
259,0,,,99
260,0,,,98
261,0,,,100
261,0,,,99
262,0,,,98
263,0,,,98
263,0,,,97
264,0,,,98
265,0,,,97
265,0,,,96
266,0,,,99
267,0,,,98
267,0,,,98
268,0,,,100
269,0,,,99
269,0,,,100
270,0,,,97
271,0,,,97
271,0,,,97
272,0,,,99
273,0,,,97
273,0,,,98
274,0,,,98
275,0,,,97
275,0,,,98
276,0,,,97
277,0,,,98
277,0,,,97
278,0,,,97
279,0,,,99
279,0,,,100
280,0,,,97
281,0,,,98
281,0,,,99
282,0,,,98
283,0,,,98
283,0,,,98
284,0,,,97
285,0,,,98
285,0,,,98
286,0,,,97
287,0,,,97
287,0,,,95
288,0,,,97
289,0,,,95
289,0,,,102
290,0,,,96
291,0,,,101
291,0,,,98
292,0,,,98
293,0,,,100
293,0,,,96
294,0,,,98
295,0,,,94
295,0,,,98
296,0,,,103
297,0,,,98
297,0,,,98
299,0,,,98
300,0,,,99
300,0,,,99
301,0,,,98
302,0,,,97
302,0,,,99
303,0,,,97
304,0,,,97
304,0,,,97
305,0,,,98
306,0,,,96
306,0,,,98
307,0,,,98
308,0,,,99
308,0,,,97
309,0,,,96
310,0,,,95
310,0,,,94
311,0,,,96
312,0,,,95
312,0,,,98
313,0,,,95
314,0,,,102
314,0,,,93
315,0,,,97
316,0,,,99
316,0,,,97
317,0,,,98
318,0,,,100
318,0,,,92
319,0,,,92
320,0,,,98
320,0,,,96
321,0,,,100
322,0,,,99
322,0,,,96
323,0,,,97
324,0,,,96
324,0,,,102
325,0,,,95
326,0,,,98
326,0,,,96
327,0,,,98
328,0,,,95
328,0,,,88
329,0,,,73
330,0,,,62
330,0,,,61
331,0,,,59
331,0,,,58
332,0,,,57
333,0,,,54
333,0,,,60
334,0,,,61
335,0,,,67
335,0,,,67
336,0,,,79
337,0,,,69
337,0,,,69
338,0,,,72
339,0,,,67
339,0,,,74
340,0,,,73
342,0,,,71
342,0,,,77
343,0,,,74
344,0,,,73
344,0,,,74
345,0,,,69
346,0,,,71
346,0,,,64
347,0,,,61
348,0,,,57
348,0,,,53
349,0,,,42
350,0,,,39
350,0,,,40
351,0,,,34
352,0,,,37
352,0,,,30
353,0,,,30
354,0,,,25
354,0,,,26
355,0,,,22
356,0,,,21
356,0,,,16
357,0,,,16
358,0,,,17
358,0,,,17
359,0,,,15
360,0,,,12
360,0,,,11
361,0,,,13
362,0,,,11
362,0,,,9
363,0,,,9
364,0,,,10
364,0,,,10
365,0,,,11
366,0,,,7
366,0,,,8
367,0,,,8
368,0,,,9
368,0,,,7
369,0,,,9
370,0,,,7
370,0,,,7
371,0,,,7
372,0,,,6
372,0,,,6
373,0,,,4
374,0,,,6
374,0,,,5
375,0,,,3
376,0,,,5
376,0,,,5
377,0,,,5
378,0,,,5
378,0,,,4
379,0,,,4
380,0,,,6
380,0,,,2
381,0,,,3
382,0,,,4
382,0,,,0
384,0,,,2
385,0,,,0
385,0,,,0
386,0,,,1
387,0,,,1
387,0,,,0
388,0,,,0
389,0,,,0
389,0,,,0
390,0,,,0
391,0,,,0
391,0,,,0
392,0,,,0
393,0,,,0
393,0,,,0
394,0,,,0
395,0,,,0
395,0,,,0
396,0,,,0
397,0,,,0
397,0,,,0
398,0,,,0
399,0,,,0
399,0,,,0
400,0,,,0
401,0,,,0
401,0,,,0
402,0,,,
403,0,,,
403,0,,,
404,0,,,
405,0,,,
405,0,,,
406,0,,,
407,0,,,
407,0,,,
408,0,,,
409,0,,,
409,0,,,
410,0,,,
411,0,,,
411,0,,,
412,0,,,
413,0,,,
413,0,,,
414,0,,,
415,0,,,
415,0,,,
416,0,,,
417,0,,,
417,0,,,
418,0,,,
418,0,,,
419,0,,,
420,0,,,
420,0,,,
421,0,,,
422,0,,,
422,0,,,
423,0,,,
424,0,,,
424,0,,,
425,0,,,
427,0,,,
427,0,,,
428,0,,,
429,0,,,
429,0,,,
430,0,,,
431,0,,,
431,0,,,
432,0,,,
433,0,,,
433,0,,,
434,0,,,
435,0,,,
435,0,,,
436,0,,,
437,0,,,
437,0,,,
438,0,,,
439,0,,,
439,0,,,
440,0,,,
441,0,,,
441,0,,,
442,0,,,
443,0,,,
443,0,,,
444,0,,,
445,0,,,
445,0,,,
446,0,,,
447,0,,,
447,0,,,
448,0,,,
449,0,,,
449,0,,,
450,0,,,
451,0,,,
451,0,,,
452,0,,,
453,0,,,
453,0,,,
454,0,,,
455,0,,,
455,0,,,
456,0,,,
457,0,,,
457,0,,,
458,0,,,
459,0,,,
459,0,,,
460,0,,,
461,0,,,
461,0,,,
462,0,,,
463,0,,,
463,0,,,
464,0,,,
465,0,,,
465,0,,,
466,0,,,
467,0,,,
467,0,,,
468,0,,,
470,0,,,
470,0,,,
471,0,,,
472,0,,,
472,0,,,
473,0,,,
474,0,,,
474,0,,,
475,0,,,
476,0,,,
476,0,,,
477,0,,,
478,0,,,
478,0,,,
479,0,,,
480,0,,,
480,0,,,
481,0,,,
482,0,,,
482,0,,,
483,0,,,
484,0,,,
484,0,,,
485,0,,,
486,0,,,
486,0,,,
487,0,,,
488,0,,,
488,0,,,
489,0,,,
490,0,,,
490,0,,,
491,0,,,
492,0,,,
492,0,,,
493,0,,,
494,0,,,
494,0,,,
495,0,,,
496,0,,,
496,0,,,
497,0,,,
498,0,,,
498,0,,,
499,0,,,
500,0,,,
500,0,,,
501,0,,,
502,0,,,
502,0,,,
503,0,,,
504,0,,,
504,0,,,
505,0,,,
505,0,,,
506,0,,,
507,0,,,
507,0,,,
508,0,,,
509,0,,,
509,0,,,
510,0,,,
512,73,,,
513,85,,,
513,80,,,
514,86,,,
515,76,,,
516,70,,,
516,100,,,
517,97,,,
518,99,,,
519,97,,,
519,98,,,
520,98,,,
521,98,,,
522,99,,,
522,99,,,
523,99,,,
524,98,,,
525,98,,,
525,99,,,
526,99,,,
527,97,,,
528,98,,,
528,98,,,
529,97,,,
530,97,,,
531,98,,,
531,98,,,
532,98,,,
533,98,,,
534,98,,,
534,98,,,
535,99,,,
536,98,,,
537,98,,,
537,99,,,
538,99,,,
539,99,,,
540,100,,,
540,98,,,
541,100,,,
542,99,,,
543,99,,,
543,99,,,
544,100,,,
545,98,,,
546,98,,,
547,98,,,
547,97,,,
548,98,,,
549,97,,,
549,98,,,
550,98,,,
551,98,,,
552,98,,,
552,98,,,
553,99,,,
555,99,,,
556,98,,,
556,99,,,
557,99,,,
558,99,,,
559,99,,,
559,98,,,
560,99,,,
561,99,,,
562,99,,,
562,99,,,
563,99,,,
564,99,,,
565,99,,,
565,99,,,
566,97,,,
567,97,,,
568,99,,,
568,98,,,
569,97,,,
570,98,,,
571,99,,,
571,98,,,
572,97,,,
573,98,,,
574,98,,,
574,98,,,
575,98,,,
576,99,,,
577,98,,,
577,98,,,
578,99,,,
579,99,,,
580,99,,,
580,100,,,
581,99,,,
582,99,,,
583,98,,,
583,99,,,
584,98,,,
585,98,,,
586,100,,,
587,97,,,
587,98,,,
588,98,,,
589,98,,,
590,98,,,
590,98,,,
591,99,,,
592,98,,,
592,99,,,
593,98,,,
594,97,,,
595,98,,,
595,100,,,
596,100,,,
598,99,,,
599,100,,,
600,99,,,
600,99,,,
601,100,,,
602,99,,,
603,99,,,
604,99,,,
604,99,,,
605,98,,,
606,98,,,
607,98,,,
607,98,,,
608,97,,,
609,98,,,
610,98,,,
610,98,,,
611,98,,,
612,97,,,
613,98,,,
613,99,,,
614,98,,,
615,99,,,
615,98,,,
616,100,,,
617,99,,,
618,100,,,
619,99,,,
619,99,,,
620,100,,,
621,100,,,
622,98,,,
623,99,,,
623,99,,,
624,99,,,
625,98,,,
626,98,,,
626,98,,,
627,97,,,
628,98,,,
629,98,,,
629,97,,,
630,98,,,
631,98,,,
632,98,,,
632,99,,,
633,98,,,
634,99,,,
635,99,,,
635,98,,,
636,99,,,
637,99,,,
637,100,,,
638,100,,,
640,100,,,
641,99,,,
642,98,,,
642,100,,,
643,99,,,
644,98,,,
645,98,,,
646,98,,,
646,99,,,
647,98,,,
648,97,,,
649,98,,,
649,98,,,
650,98,,,
651,98,,,
652,98,,,
652,99,,,
653,99,,,
654,98,,,
655,98,,,
655,99,,,
656,98,,,
657,98,,,
658,99,,,
658,99,,,
659,99,,,
660,99,,,
660,99,,,
661,98,,,
662,99,,,
663,99,,,
663,98,,,
664,99,,,
665,100,,,
666,99,,,
667,98,,,
667,98,,,
668,99,,,
669,98,,,
670,98,,,
670,98,,,
671,97,,,
672,98,,,
673,99,,,
673,98,,,
674,98,,,
675,99,,,
676,99,,,
676,98,,,
677,98,,,
678,99,,,
679,100,,,
679,101,,,
680,99,,,
681,99,,,
683,99,,,
683,99,,,
684,99,,,
685,98,,,
686,99,,,
686,99,,,
687,98,,,
688,98,,,
689,98,,,
689,98,,,
690,99,,,
691,98,,,
692,97,,,
692,98,,,
693,99,,,
694,99,,,
695,99,,,
695,99,,,
696,98,,,
697,98,,,
698,98,,,
698,99,,,
699,99,,,
700,100,,,
701,99,,,
701,99,,,
702,99,,,
703,100,,,
704,99,,,
704,99,,,
705,97,,,
706,101,,,
707,99,,,
708,98,,,
708,98,,,
709,98,,,
710,99,,,
711,99,,,
711,98,,,
712,98,,,
713,98,,,
714,98,,,
714,99,,,
715,98,,,
716,100,,,
717,100,,,
717,100,,,
718,100,,,
719,99,,,
720,99,,,
721,99,,,
721,99,,,
722,98,,,
723,98,,,
724,99,,,
724,99,,,
726,99,,,
727,98,,,
728,98,,,
728,98,,,
729,98,,,
730,99,,,
731,98,,,
731,98,,,
732,98,,,
733,98,,,
734,98,,,
734,99,,,
735,98,,,
736,98,,,
737,99,,,
737,99,,,
738,99,,,
739,99,,,
740,99,,,
740,99,,,
741,99,,,
742,99,,,
743,99,,,
743,99,,,
744,99,,,
745,99,,,
745,99,,,
746,98,,,
747,98,,,
748,99,,,
748,99,,,
749,98,,,
750,98,,,
751,98,,,
751,99,,,
752,99,,,
753,99,,,
754,99,,,
754,99,,,
755,99,,,
756,99,,,
757,99,,,
757,100,,,
758,99,,,
759,101,,,
760,99,,,
761,100,,,
761,99,,,
762,100,,,
763,98,,,
764,98,,,
765,99,,,
765,99,,,
766,99,,,
768,99,,,
768,98,,,
769,98,,,
770,99,,,
771,98,,,
771,99,,,
772,99,,,
773,99,,,
774,98,,,
774,98,,,
775,98,,,
776,99,,,
777,99,,,
777,98,,,
778,99,,,
779,100,,,
780,99,,,
781,100,,,
781,99,,,
782,99,,,
783,100,,,
784,99,,,
784,99,,,
785,99,,,
786,98,,,
787,98,,,
787,99,,,
788,99,,,
789,99,,,
790,98,,,
790,98,,,
791,98,,,
792,98,,,
793,99,,,
793,99,,,
794,99,,,
795,99,,,
796,100,,,
796,99,,,
797,100,,,
798,100,,,
799,99,,,
800,100,,,
800,98,,,
801,99,,,
802,99,,,
803,98,,,
803,98,,,
804,98,,,
805,99,,,
806,99,,,
806,99,,,
807,98,,,
808,98,,,
809,99,,,
809,99,,,
811,98,,,
812,98,,,
813,99,,,
813,99,,,
814,97,,,
815,99,,,
816,99,,,
816,99,,,
817,100,,,
818,99,,,
819,100,,,
820,100,,,
820,99,,,
821,99,,,
822,99,,,
823,99,,,
823,100,,,
824,99,,,
825,99,,,
826,98,,,
826,98,,,
827,99,,,
828,98,,,
829,98,,,
829,99,,,
830,98,,,
831,98,,,
832,98,,,
832,98,,,
833,99,,,
834,100,,,
835,100,,,
836,100,,,
836,99,,,
837,99,,,
838,99,,,
839,100,,,
839,100,,,
840,99,,,
841,99,,,
842,99,,,
843,99,,,
843,99,,,
844,99,,,
845,99,,,
846,98,,,
846,98,,,
847,98,,,
848,98,,,
849,98,,,
849,99,,,
850,98,,,
851,98,,,
852,99,,,
852,98,,,
854,98,,,
855,99,,,
855,99,,,
856,98,,,
857,99,,,
858,99,,,
858,100,,,
859,100,,,
860,99,,,
861,99,,,
862,99,,,
862,99,,,
863,99,,,
864,99,,,
865,98,,,
865,99,,,
866,99,,,
867,98,,,
868,98,,,
868,97,,,
869,99,,,
870,98,,,
871,99,,,
871,99,,,
872,98,,,
873,98,,,
874,99,,,
874,100,,,
875,100,,,
876,100,,,
877,100,,,
878,99,,,
878,100,,,
879,100,,,
880,100,,,
881,100,,,
882,99,,,
882,101,,,
883,99,,,
884,100,,,
885,100,,,
886,98,,,
886,99,,,
887,98,,,
888,98,,,
889,98,,,
889,98,,,
890,99,,,
891,99,,,
892,98,,,
892,98,,,
893,99,,,
894,99,,,
896,99,,,
896,100,,,
897,99,,,
898,99,,,
899,99,,,
899,99,,,
900,99,,,
901,99,,,
902,100,,,
903,100,,,
903,99,,,
904,99,,,
905,99,,,
906,98,,,
906,99,,,
907,99,,,
908,98,,,
909,99,,,
909,98,,,
910,98,,,
911,99,,,
912,99,,,
912,99,,,
913,99,,,
914,99,,,
915,100,,,
915,99,,,
916,99,,,
917,100,,,
918,99,,,
919,99,,,
919,99,,,
920,99,,,
921,98,,,
921,100,,,
922,100,,,
923,99,,,
924,99,,,
925,99,,,
925,99,,,
926,98,,,
927,97,,,
928,98,,,
928,99,,,
929,99,,,
930,98,,,
931,98,,,
931,98,,,
932,99,,,
933,99,,,
934,99,,,
934,99,,,
935,99,,,
936,100,,,
937,100,,,
939,98,,,
939,99,,,
940,99,,,
941,100,,,
942,100,,,
942,100,,,
943,98,,,
944,99,,,
945,98,,,
945,99,,,
946,99,,,
947,98,,,
948,98,,,
948,99,,,
949,98,,,
950,99,,,
951,99,,,
951,99,,,
952,98,,,
953,98,,,
954,99,,,
954,100,,,
955,99,,,
956,99,,,
957,99,,,
958,100,,,
958,100,,,
959,99,,,
960,100,,,
961,99,,,
962,99,,,
962,99,,,
963,99,,,
964,99,,,
964,98,,,
965,100,,,
966,98,,,
967,98,,,
968,98,,,
968,99,,,
969,98,,,
970,99,,,
971,99,,,
971,97,,,
972,99,,,
973,99,,,
974,98,,,
974,99,,,
975,100,,,
976,100,,,
977,100,,,
978,99,,,
978,99,,,
979,99,,,
980,100,,,
982,99,,,
982,99,,,
983,99,,,
984,98,,,
985,100,,,
985,99,,,
986,99,,,
987,98,,,
988,98,,,
988,99,,,
989,98,,,
990,98,,,
991,99,,,
991,98,,,
992,99,,,
993,99,,,
994,99,,,
994,99,,,
995,99,,,
996,100,,,
997,99,,,
997,101,,,
998,100,,,
999,100,,,
1000,99,,,
1001,100,,,
1002,99,,,
1003,99,,,
1003,99,,,
1004,100,,,
1005,99,,,
1006,98,,,
1007,98,,,
1008,98,,,
1008,99,,,
1009,97,,,
1010,98,,,
1011,99,,,
1012,99,,,
1013,98,,,
1013,99,,,
1014,99,,,
1015,100,,,
1016,99,,,
1017,99,,,
1018,99,,,
1018,99,,,
1019,98,,,
1020,99,,,
1021,99,,,
1022,98,,,
1024,98,,,
1024,98,,,
1025,99,,,
1026,99,,,
1027,99,,,
1028,98,,,
1029,98,,,
1029,98,,,
1030,98,,,
1031,98,,,
1032,99,,,
1033,98,,,
1034,98,,,
1034,99,,,
1035,99,,,
1036,99,,,
1037,98,,,
1038,99,,,
1039,99,,,
1039,99,,,
1040,99,,,
1041,100,,,
1042,99,,,
1043,99,,,
1044,100,,,
1045,99,,,
1045,99,,,
1046,100,,,
1047,98,,,
1048,99,,,
1049,97,,,
1050,98,,,
1050,99,,,
1051,99,,,
1052,98,,,
1053,99,,,
1054,99,,,
1055,99,,,
1055,99,,,
1056,100,,,
1057,99,,,
1058,99,,,
1059,100,,,
1060,99,,,
1061,99,,,
1061,100,,,
1062,99,,,
1063,100,,,
1064,98,,,
1065,99,,,
1067,99,,,
1068,99,,,
1068,99,,,
1069,99,,,
1070,99,,,
1071,99,,,
1072,99,,,
1072,98,,,
1073,99,,,
1074,99,,,
1075,100,,,
1076,100,,,
1077,100,,,
1078,99,,,
1079,99,,,
1079,100,,,
1080,99,,,
1081,99,,,
1082,98,,,
1083,99,,,
1084,99,,,
1084,99,,,
1085,99,,,
1086,98,,,
1087,99,,,
1088,99,,,
1089,99,,,
1089,99,,,
1090,98,,,
1091,99,,,
1092,100,,,
1093,99,,,
1094,100,,,
1095,99,,,
1095,101,,,
1096,100,,,
1097,100,,,
1098,100,,,
1099,100,,,
1100,99,,,
1101,99,,,
1102,100,,,
1103,99,,,
1103,99,,,
1104,98,,,
1105,98,,,
1106,99,,,
1107,99,,,
1108,98,,,
1108,98,,,
1110,100,,,
1111,99,,,
1112,99,,,
1113,98,,,
1114,98,,,
1114,99,,,
1115,99,,,
1116,99,,,
1117,99,,,
1118,100,,,
1119,100,,,
1120,101,,,
1120,100,,,
1121,100,,,
1122,99,,,
1123,99,,,
1124,98,,,
1125,98,,,
1126,99,,,
1126,98,,,
1127,98,,,
1128,98,,,
1129,99,,,
1130,98,,,
1131,98,,,
1131,99,,,
1132,99,,,
1133,99,,,
1134,99,,,
1135,99,,,
1136,100,,,
1136,99,,,
1137,99,,,
1138,100,,,
1139,100,,,
1140,99,,,
1141,99,,,
1142,100,,,
1143,98,,,
1143,100,,,
1144,98,,,
1145,99,,,
1146,99,,,
1147,98,,,
1148,99,,,
1148,99,,,
1149,98,,,
1150,99,,,
1152,100,,,
1153,98,,,
1154,98,,,
1155,99,,,
1155,99,,,
1156,99,,,
1157,99,,,
1158,100,,,
1159,99,,,
1160,99,,,
1160,100,,,
1161,99,,,
1162,100,,,
1163,99,,,
1164,99,,,
1165,99,,,
1166,98,,,
1166,99,,,
1167,99,,,
1168,99,,,
1169,99,,,
1170,99,,,
1171,98,,,
1171,99,,,
1172,100,,,
1173,99,,,
1174,99,,,
1175,99,,,
1176,99,,,
1176,100,,,
1177,99,,,
1178,101,,,
1179,100,,,
1180,100,,,
1181,100,,,
1182,99,,,
1183,100,,,
1184,99,,,
1184,99,,,
1185,98,,,
1186,98,,,
1187,98,,,
1188,99,,,
1189,98,,,
1189,98,,,
1190,98,,,
1191,99,,,
1192,99,,,
1193,99,,,
1195,99,,,
1195,99,,,
1196,99,,,
1197,99,,,
1198,99,,,
1199,100,,,
1200,99,,,
1200,100,,,
1201,99,,,
1202,99,,,
1203,98,,,
1204,99,,,
1205,98,,,
1205,99,,,
1206,99,,,
1207,99,,,
1208,98,,,
1209,97,,,
1210,99,,,
1210,99,,,
1211,99,,,
1212,99,,,
1213,98,,,
1214,99,,,
1215,98,,,
1215,100,,,
1216,99,,,
1217,100,,,
1218,100,,,
1219,100,,,
1220,99,,,
1221,99,,,
1222,99,,,
1222,99,,,
1223,99,,,
1224,98,,,
1225,99,,,
1226,98,,,
1227,98,,,
1227,99,,,
1228,98,,,
1229,98,,,
1230,98,,,
1231,98,,,
1232,98,,,
1232,99,,,
1233,100,,,
1234,99,,,
1235,99,,,
1236,99,,,
1238,100,,,
1239,100,,,
1239,99,,,
1240,100,,,
1241,100,,,
1242,99,,,
1243,99,,,
1244,99,,,
1245,98,,,
1245,98,,,
1246,98,,,
1247,99,,,
1248,98,,,
1249,98,,,
1250,98,,,
1250,98,,,
1251,99,,,
1252,99,,,
1253,100,,,
1254,98,,,
1255,98,,,
1255,99,,,
1256,99,,,
1257,99,,,
1258,100,,,
1259,99,,,
1260,100,,,
1261,99,,,
1261,101,,,
1262,100,,,
1263,99,,,
1264,98,,,
1265,98,,,
1266,98,,,
1267,99,,,
1267,98,,,
1268,97,,,
1269,98,,,
1270,98,,,
1271,99,,,
1272,98,,,
1272,99,,,
1273,100,,,
1274,99,,,
1275,99,,,
1276,99,,,
1277,99,,,
1277,100,,,
1278,100,,,
1280,100,,,
1281,100,,,
1282,99,,,
1283,99,,,
1284,98,,,
1285,100,,,
1286,98,,,
1286,98,,,
1287,98,,,
1288,97,,,
1289,98,,,
1290,98,,,
1290,97,,,
1291,98,,,
1292,98,,,
1293,99,,,
1294,99,,,
1295,99,,,
1295,100,,,
1296,99,,,
1297,100,,,
1298,100,,,
1299,100,,,
1300,99,,,
1301,99,,,
1302,100,,,
1303,99,,,
1303,99,,,
1304,99,,,
1305,98,,,
1306,98,,,
1307,99,,,
1308,98,,,
1308,98,,,
1309,98,,,
1310,99,,,
1311,98,,,
1312,98,,,
1312,99,,,
1313,99,,,
1314,99,,,
1315,99,,,
1316,99,,,
1317,100,,,
1318,99,,,
1318,100,,,
1319,99,,,
1320,100,,,
1321,99,,,
1323,99,,,
1324,99,,,
1325,99,,,
1325,98,,,
1326,98,,,
1327,99,,,
1328,99,,,
1329,99,,,
1330,99,,,
1330,99,,,
1331,99,,,
1332,99,,,
1333,99,,,
1334,99,,,
1334,99,,,
1335,99,,,
1336,100,,,
1337,99,,,
1338,100,,,
1339,99,,,
1340,98,,,
1340,99,,,
1341,99,,,
1342,98,,,
1343,99,,,
1344,98,,,
1345,98,,,
1345,98,,,
1346,98,,,
1347,99,,,
1348,99,,,
1349,98,,,
1350,98,,,
1350,99,,,
1351,98,,,
1352,99,,,
1353,99,,,
1354,99,,,
1355,99,,,
1355,100,,,
1356,100,,,
1357,100,,,
1358,100,,,
1359,101,,,
1360,100,,,
1361,98,,,
1362,100,,,
1363,98,,,
1363,98,,,
1364,99,,,
1366,99,,,
1367,98,,,
1368,98,,,
1369,99,,,
1369,99,,,
1370,100,,,
1371,99,,,
1372,99,,,
1373,99,,,
1374,100,,,
1375,100,,,
1376,100,,,
1376,100,,,
1377,99,,,
1378,99,,,
1379,100,,,
1380,100,,,
1381,100,,,
1382,100,,,
1383,99,,,
1383,99,,,
1384,98,,,
1385,98,,,
1386,98,,,
1387,98,,,
1388,97,,,
1388,98,,,
1389,99,,,
1390,98,,,
1391,98,,,
1392,99,,,
1393,99,,,
1393,99,,,
1394,99,,,
1395,100,,,
1396,99,,,
1397,98,,,
1398,99,,,
1398,100,,,
1399,100,,,
1400,99,,,
1401,100,,,
1402,98,,,
1403,98,,,
1404,100,,,
1405,97,,,
1405,98,,,
1406,99,,,
1408,98,,,
1409,98,,,
1410,99,,,
1411,98,,,
1411,98,,,
1412,98,,,
1413,99,,,
1414,100,,,
1415,97,,,
1416,99,,,
1417,99,,,
1417,100,,,
1418,100,,,
1419,100,,,
1420,99,,,
1421,99,,,
1422,99,,,
1423,100,,,
1423,99,,,
1424,98,,,
1425,99,,,
1426,99,,,
1427,98,,,
1428,97,,,
1428,99,,,
1429,98,,,
1430,99,,,
1431,98,,,
1432,98,,,
1433,100,,,
1434,99,,,
1434,99,,,
1435,99,,,
1436,100,,,
1437,100,,,
1438,100,,,
1439,100,,,
1440,100,,,
1441,98,,,
1441,99,,,
1442,99,,,
1443,99,,,
1444,98,,,
1445,98,,,
1446,98,,,
1446,98,,,
1447,98,,,
1448,99,,,
1449,99,,,
1451,98,,,
1452,98,,,
1452,99,,,
1453,100,,,
1454,99,,,
1455,99,,,
1456,99,,,
1457,99,,,
1457,99,,,
1458,100,,,
1459,100,,,
1460,98,,,
1461,98,,,
1462,100,,,
1463,98,,,
1463,99,,,
1464,100,,,
1465,98,,,
1466,98,,,
1467,98,,,
1468,99,,,
1469,100,,,
1469,99,,,
1470,99,,,
1471,99,,,
1472,99,,,
1473,99,,,
1474,99,,,
1474,100,,,
1475,99,,,
1476,99,,,
1477,101,,,
1478,100,,,
1479,99,,,
1480,100,,,
1481,99,,,
1481,98,,,
1482,98,,,
1483,99,,,
1484,98,,,
1485,98,,,
1486,98,,,
1486,98,,,
1487,99,,,
1488,99,,,
1489,99,,,
1490,99,,,
1491,98,,,
1491,98,,,
1492,99,,,
1494,99,,,
1495,99,,,
1496,99,,,
1497,101,,,
1497,99,,,
1498,100,,,
1499,99,,,
1500,100,,,
1501,100,,,
1502,99,,,
1503,99,,,
1504,98,,,
1504,98,,,
1505,99,,,
1506,98,,,
1507,98,,,
1508,99,,,
1508,99,,,
1509,99,,,
1510,99,,,
1511,99,,,
1512,99,,,
1513,99,,,
1513,100,,,
1514,98,,,
1515,100,,,
1516,100,,,
1517,99,,,
1518,100,,,
1519,100,,,
1520,99,,,
1521,100,,,
1521,99,,,
1522,100,,,
1523,100,,,
1524,99,,,
1525,98,,,
1526,98,,,
1527,99,,,
1527,99,,,
1528,100,,,
1529,99,,,
1530,99,,,
1531,99,,,
1532,99,,,
1532,99,,,
1533,99,,,
1534,99,,,
1536,99,,,
1537,100,,,
1538,99,,,
1539,100,,,
1539,100,,,
1540,99,,,
1541,100,,,
1542,100,,,
1543,98,,,
1544,99,,,
1545,99,,,
1546,98,,,
1546,99,,,
1547,99,,,
1548,98,,,
1549,99,,,
1550,99,,,
1550,99,,,
1551,98,,,
1552,99,,,
1553,99,,,
1554,99,,,
1555,99,,,
1555,100,,,
1556,99,,,
1557,99,,,
1558,100,,,
1559,100,,,
1560,99,,,
1561,100,,,
1562,99,,,
1562,98,,,
1563,99,,,
1564,98,,,
1565,98,,,
1566,98,,,
1567,98,,,
1567,99,,,
1568,98,,,
1569,98,,,
1570,98,,,
1571,100,,,
1572,98,,,
1572,98,,,
1573,100,,,
1574,99,,,
1575,100,,,
1576,99,,,
1577,99,,,
1579,100,,,
1580,100,,,
1580,101,,,
1581,100,,,
1582,99,,,
1583,99,,,
1584,98,,,
1585,99,,,
1586,99,,,
1586,98,,,
1587,98,,,
1588,98,,,
1589,99,,,
1590,98,,,
1591,99,,,
1591,99,,,
1592,99,,,
1593,99,,,
1594,98,,,
1595,101,,,
1596,100,,,
1597,98,,,
1597,99,,,
1598,103,,,
1599,98,,,
1600,98,,,
1601,98,,,
1602,95,,,
1602,102,,,
1603,94,,,
1604,96,,,
1605,99,,,
1606,91,,,
1607,99,,,
1608,97,,,
1608,91,,,
1609,86,,,
1610,86,,,
1611,79,,,
1612,81,,,
1613,74,,,
1613,70,,,
1614,65,,,
1615,74,,,
1616,66,,,
1617,69,,,
1617,70,,,
1618,67,,,
1619,64,,,
1620,59,,,
1622,62,,,
1623,56,,,
1623,57,,,
1624,55,,,
1625,43,,,
1626,44,,,
1627,37,,,
1628,35,,,
1628,32,,,
1629,27,,,
1630,21,,,
1631,24,,,
1632,22,,,
1633,16,,,
1633,12,,,
1634,11,,,
1635,13,,,
1636,10,,,
1637,10,,,
1638,11,,,
1638,12,,,
1639,15,,,
1640,7,,,
1641,11,,,
1642,7,,,
1642,9,,,
1643,7,,,
1644,3,,,
1645,0,,,
1645,0,,,
1646,0,,,
1647,0,,,
1648,0,,,
1648,0,,,
1649,0,,,
1650,0,,,
1651,0,,,
1651,0,,,
1652,0,,,
1653,0,,,
1654,0,,,
1654,0,,,
1655,0,,,
1656,0,,,
1657,0,,,
1657,0,,,
1658,0,,,
1659,0,,,
1660,0,,,
1660,0,,,
1661,0,,,
1662,0,,,
1664,0,,,
1664,0,,,
1665,0,,,
1666,0,,,
1667,0,,,
1667,0,,,
1668,0,,,
1669,0,,,
1670,0,,,
1670,0,,,
1671,0,,,
1672,0,,,
1673,0,,,
1673,0,,,
1674,0,,,
1675,0,,,
1676,0,,,
1676,0,,,
1677,0,,,
1678,0,,,
1679,0,,,
1679,0,,,
1680,0,,,
1681,0,,,
1681,0,,,
1682,0,,,
1683,0,,,
1684,0,,,
1684,0,,,
1685,0,,,
1686,0,,,
1687,0,,,
1687,0,,,
1688,0,,,
1689,0,,,
1690,0,,,
1690,0,,,
1691,0,,,
1692,0,,,
1693,0,,,
1693,0,,,
1694,0,,,
1695,0,,,
1696,0,,,
1696,0,,,
1697,0,,,
1698,0,,,
1699,0,,,
1699,0,,,
1700,0,,,
1701,0,,,
1702,0,,,
1702,0,,,
1703,0,,,
1704,0,,,
1705,0,,,
1705,0,,,
1707,0,,,
1708,0,,,
1709,0,,,
1709,0,,,
1710,0,,,
1711,0,,,
1712,0,,,
1712,0,,,
1713,0,,,
1714,0,,,
1715,0,,,
1715,0,,,
1716,0,,,
1717,0,,,
1718,0,,,
1718,0,,,
1719,0,,,
1720,0,,,
1721,0,,,
1721,0,,,
1722,0,,,
1723,0,,,
1724,0,,,
1724,0,,,
1725,0,,,
1726,0,,,
1727,0,,,
1727,0,,,
1728,0,,,
1729,0,,,
1730,0,,,
1730,0,,,
1731,0,,,
1732,0,,,
1733,0,,,
1733,0,,,
1734,0,,,
1735,0,,,
1736,0,,,
1736,0,,,
1737,0,,,
1738,0,,,
1739,0,,,
1739,0,,,
1740,0,,,
1741,0,,,
1742,0,,,
1742,0,,,
1743,0,,,
1744,0,,,
1745,0,,,
1745,0,,,
1746,0,,,
1747,0,,,
1747,0,,,
1748,0,,,
1750,0,,,
1751,0,,,
1751,0,,,
1752,0,,,
1753,0,,,
1754,0,,,
1754,0,,,
1755,0,,,
1756,0,,,
1757,0,,,
1757,0,,,
1758,0,,,
1759,0,,,
1760,0,,,
1760,0,,,
1761,0,,,
1762,0,,,
1763,0,,,
1763,0,,,
1764,0,,,
1765,0,,,
1766,0,,,
1766,0,,,
1767,0,,,
1768,0,,,
1769,0,,,
1769,0,,,
1770,0,,,
1771,0,,,
1772,0,,,
1772,0,,,
1773,0,,,
1774,0,,,
1775,0,,,
1775,0,,,
1776,0,,,
1777,0,,,
1778,0,,,
1778,0,,,
1779,0,,,
1780,0,,,
1781,0,,,
1781,0,,,
1782,0,,,
1783,0,,,
1784,0,,,
1784,0,,,
1785,0,,,
1786,0,,,
1787,0,,,
1787,0,,,
1788,0,,,
1789,0,,,
1790,0,,,
1790,0,,,
1792,0,,,
1793,0,,,
1794,0,,,
1794,0,,,
1795,0,,,
1796,0,,,
1797,0,,,
1797,0,,,
1798,0,,,
1799,0,,,
1800,0,,,
1800,0,,,
1801,0,,,
1802,0,,,
1803,0,,,
1803,0,,,
1804,0,,,
1805,0,,,
1806,0,,,
1806,0,,,
1807,0,,,
1808,0,,,
1809,0,,,
1809,0,,,
1810,0,,,
1811,0,,,
1811,0,,,
1812,0,,,
1813,0,,,
1814,0,,,
1814,0,,,
1815,0,,,
1816,0,,,
1817,0,,,
1817,0,,,
1818,0,,,
1819,0,,,
1820,0,,,
1820,0,,,
1821,0,,,
1822,0,,,
1823,0,,,
1823,0,,,
1824,0,,,
1825,0,,,
1826,0,,,
1826,0,,,
1827,0,,,
1828,0,,,
1829,0,,,
1829,0,,,
1830,0,,,
1831,0,,,
1832,0,,,
1832,0,,,
1833,0,,,
1835,0,,,
1836,0,,,
1836,0,,,
1837,0,,,
1838,0,,,
1839,0,,,
1839,0,,,
1840,0,,,
1841,0,,,
1842,0,,,
1842,0,,,
1843,0,,,
1844,0,,,
1845,0,,,
1845,0,,,
1846,0,,,
1847,0,,,
1848,0,,,
1848,0,,,
1849,0,,,
1850,0,,,
1851,0,,,
1851,0,,,
1852,0,,,
1853,0,,,
1854,0,,,
1854,0,,,
1855,0,,,
1856,0,,,
1857,0,,,
1857,0,,,
1858,0,,,
1859,0,,,
1860,0,,,
1860,0,,,
1861,0,,,
1862,0,,,
1863,0,,,
1863,0,,,
1864,0,,,
1865,0,,,
1866,0,,,
1866,0,,,
1867,0,,,
1868,0,,,
1869,0,,,
1869,0,,,
1870,0,,,
1871,0,,,
1872,0,,,
1872,0,,,
1873,0,,,
1874,0,,,
1875,0,,,
1875,0,,,
1876,0,,,
1878,0,,,
1878,0,,,
1879,0,,,
1880,0,,,
1881,0,,,
1881,0,,,
1882,0,,,
1883,0,,,
1884,0,,,
1884,0,,,
1885,0,,,
1886,0,,,
1887,0,,,
1887,0,,,
1888,0,,,
1889,0,,,
1890,0,,,
1890,0,,,
1891,0,,,
1892,0,,,
1893,0,,,
1893,0,,,
1894,0,,,
1895,0,,,
1896,0,,,
1896,0,,,
1897,0,,,
1898,0,,,
1899,0,,,
1899,0,,,
1900,0,,,
1901,0,,,
1902,0,,,
1902,0,,,
1903,0,,,
1904,0,,,
1905,0,,,
1905,0,,,
1906,0,,,
1907,0,,,
1908,0,,,
1908,0,,,
1909,0,,,
1910,0,,,
1911,0,,,
1911,0,,,
1912,0,,,
1913,0,,,
1914,0,,,
1914,0,,,
1915,0,,,
1916,0,,,
1917,0,,,
1917,0,,,
1918,0,,,
1920,0,,,
1921,0,,,
1921,0,,,
1922,0,,,
1923,0,,,
1924,0,,,
1924,0,,,
1925,0,,,
1926,0,,,
1927,0,,,
1927,0,,,
1928,0,,,
1929,0,,,
1930,0,,,
1930,0,,,
1931,0,,,
1932,0,,,
1933,0,,,
1933,0,,,
1934,0,,,
1935,0,,,
1936,0,,,
1936,0,,,
1937,0,,,
1938,0,,,
1939,0,,,
1939,0,,,
1940,0,,,
1941,0,,,
1941,0,,,
1942,0,,,
1943,0,,,
1944,0,,,
1944,0,,,
1945,0,,,
1946,0,,,
1947,0,,,
1947,0,,,
1948,0,,,
1949,0,,,
1950,0,,,
1950,0,,,
1951,0,,,
1952,0,,,
1953,0,,,
1953,0,,,
1954,0,,,
1955,0,,,
1956,0,,,
1956,0,,,
1957,0,,,
1958,0,,,
1959,0,,,
1959,0,,,
1960,0,,,
1961,0,,,
1963,0,,,
1963,0,,,
1964,0,,,
1965,0,,,
1966,0,,,
1966,0,,,
1967,0,,,
1968,0,,,
1969,0,,,
1969,0,,,
1970,0,,,
1971,0,,,
1972,0,,,
1972,0,,,
1973,0,,,
1974,0,,,
1975,0,,,
1975,0,,,
1976,0,,,
1977,0,,,
1978,0,,,
1978,0,,,
1979,0,,,
1980,0,,,
1981,0,,,
1981,0,,,
1982,0,,,
1983,0,,,
1984,0,,,
1984,0,,,
1985,0,,,
1986,0,,,
1987,0,,,
1987,0,,,
1988,0,,,
1989,0,,,
1990,0,,,
1990,0,,,
1991,0,,,
1992,0,,,
1993,0,,,
1993,0,,,
1994,0,,,
1995,0,,,
1996,0,,,
1996,0,,,
1997,0,,,
1998,0,,,
1999,0,,,
1999,0,,,
2000,0,,,
